<?xml version="1.0" encoding="UTF-8"?>
<project-private xmlns="http://www.netbeans.org/ns/project-private/1">
    <editor-bookmarks xmlns="http://www.netbeans.org/ns/editor-bookmarks/2" lastBookmarkId="0"/>
    <open-files xmlns="http://www.netbeans.org/ns/projectui-open-files/2">
        <group>
            <file>file:/C:/Users/juans/OneDrive/Documentos/NetBeansProjects/Prototipo%20Gestion%20Financiera/src/com/gestionfinanciera/Main.java</file>
            <file>file:/C:/Users/juans/OneDrive/Documentos/NetBeansProjects/Prototipo%20Gestion%20Financiera/src/com/gestionfinanciera/MenuPrincipal.java</file>
            <file>file:/C:/Users/juans/OneDrive/Documentos/NetBeansProjects/Prototipo%20Gestion%20Financiera/src/com/gestionfinanciera/GestorFinanciero.java</file>
            <file>file:/C:/Users/juans/OneDrive/Documentos/NetBeansProjects/Prototipo%20Gestion%20Financiera/src/com/gestionfinanciera/Movimiento.java</file>
            <file>file:/C:/Users/juans/OneDrive/Documentos/NetBeansProjects/Prototipo%20Gestion%20Financiera/src/com/gestionfinanciera/MovimientoIngreso.java</file>
            <file>file:/C:/Users/juans/OneDrive/Documentos/NetBeansProjects/Prototipo%20Gestion%20Financiera/src/com/gestionfinanciera/MovimientoEgreso.java</file>
            <file>file:/C:/Users/juans/OneDrive/Documentos/NetBeansProjects/Prototipo%20Gestion%20Financiera/src/com/gestionfinanciera/ConexionBD.java</file>
            <file>file:/C:/Users/juans/OneDrive/Documentos/NetBeansProjects/Prototipo%20Gestion%20Financiera/src/com/gestionfinanciera/MovimientoDAO.java</file>
        </group>
    </open-files>
</project-private>
